"hrank","ctry","hd_index","life_exp","exp_edu","yrs_edu","gni","gni_hdi","grank","gi_index","mat_mor","ado_bir","rep_par","sec_edu_m","sec_edu_f","lab_par_m","lab_par_f","sec_edu_ratio","lab_par_ratio"
1,"Norway",0.944,81.6,17.5,12.6,"64,992",5,1,0.067,4,7.8,39.6,97.4,96.7,61.2,68.7,0.992813141683778,1.12254901960784
2,"Australia",0.935,82.4,20.2,13,"42,261",17,2,0.11,6,12.1,30.5,94.3,94.6,58.8,71.8,1.00318133616119,1.22108843537415
3,"Switzerland",0.93,83,15.8,12.8,"56,431",6,3,0.028,6,1.9,28.5,95,96.6,61.8,74.9,1.01684210526316,1.21197411003236
4,"Denmark",0.923,80.2,18.7,12.7,"44,025",11,4,0.048,5,5.1,38,95.5,96.6,58.7,66.4,1.01151832460733,1.13117546848382
5,"Netherlands",0.922,81.6,17.9,11.9,"45,435",9,5,0.062,6,6.2,36.9,87.7,90.5,58.5,70.6,1.03192702394527,1.20683760683761
6,"Germany",0.916,80.9,16.5,13.1,"43,919",11,6,0.041,7,3.8,36.9,96.3,97,53.6,66.4,1.00726895119418,1.23880597014925
6,"Ireland",0.916,80.9,18.6,12.2,"39,568",16,6,0.113,9,8.2,19.9,80.5,78.6,53.1,68.1,0.97639751552795,1.28248587570621
8,"United States",0.915,79.1,16.5,12.9,"52,947",3,8,0.28,28,31,19.4,95.1,94.8,56.3,68.9,0.996845425867508,1.22380106571936
9,"Canada",0.913,82,15.9,13,"42,155",11,9,0.129,11,14.5,28.2,100,100,61.6,71,1,1.1525974025974
9,"New Zealand",0.913,81.8,19.2,12.5,"32,689",23,9,0.157,8,25.3,31.4,95,95.3,62,73.8,1.00315789473684,1.19032258064516
11,"Singapore",0.912,83,15.4,10.6,"76,628",-7,11,0.088,6,6,25.3,74.1,81,58.8,77.2,1.09311740890688,1.31292517006803
12,"Hong Kong, China (SAR)",0.91,84,15.6,11.2,"53,959",-2,12,NA,NA,3.3,NA,72.2,79.2,51.3,67.8,1.09695290858726,1.32163742690058
13,"Liechtenstein",0.908,80,15,11.8,"79,851",-10,13,NA,NA,NA,20,NA,NA,NA,NA,NA,NA
14,"Sweden",0.907,82.2,15.8,12.1,"45,636",-1,14,0.055,4,6.5,43.6,86.5,87.3,60.3,67.9,1.00924855491329,1.12603648424544
14,"United Kingdom",0.907,80.7,16.2,13.1,"39,267",9,14,0.177,8,25.8,23.5,99.8,99.9,55.7,68.7,1.00100200400802,1.23339317773788
16,"Iceland",0.899,82.6,19,10.6,"35,182",12,16,0.087,4,11.5,41.3,91,91.6,70.5,77.4,1.00659340659341,1.09787234042553
17,"Korea (Republic of)",0.898,81.9,16.9,11.9,"33,890",13,17,0.125,27,2.2,16.3,77,89.1,50.1,72.1,1.15714285714286,1.43912175648703
18,"Israel",0.894,82.4,16,12.5,"30,676",16,18,0.101,2,7.8,22.5,84.4,87.3,57.9,69.1,1.03436018957346,1.19343696027634
19,"Luxembourg",0.892,81.7,13.9,11.7,"58,711",-11,19,0.1,11,8.3,28.3,100,100,50.7,64.6,1,1.2741617357002
20,"Japan",0.891,83.5,15.3,11.5,"36,927",7,20,0.133,6,5.4,11.6,87,85.8,48.8,70.4,0.986206896551724,1.44262295081967
21,"Belgium",0.89,80.8,16.3,11.3,"41,187",0,21,0.063,6,6.7,42.4,77.5,82.9,47.5,59.3,1.06967741935484,1.24842105263158
22,"France",0.888,82.2,16,11.1,"38,056",4,22,0.088,12,5.7,25.7,78,83.2,50.7,61.6,1.06666666666667,1.21499013806706
23,"Austria",0.885,81.4,15.7,10.8,"43,869",-5,23,0.053,4,4.1,30.3,100,100,54.6,67.7,1,1.23992673992674
24,"Finland",0.883,80.8,17.1,10.3,"38,695",0,24,0.075,4,9.2,42.5,100,100,55.7,64,1,1.14901256732496
25,"Slovenia",0.88,80.4,16.8,11.9,"27,852",12,25,0.016,7,0.6,27.7,95.8,98,52.3,63.2,1.02296450939457,1.20841300191205
26,"Spain",0.876,82.6,17.3,9.6,"32,045",7,26,0.095,4,10.6,38,66.8,73.1,52.5,65.8,1.09431137724551,1.25333333333333
27,"Italy",0.873,83.1,16,10.1,"33,030",4,27,0.068,4,4,30.1,71.2,80.5,39.6,59.5,1.13061797752809,1.50252525252525
28,"Czech Republic",0.87,78.6,16.4,12.3,"26,660",10,28,0.091,5,4.9,18.9,99.9,99.7,51.1,68.3,0.997997997997998,1.33659491193738
29,"Greece",0.865,80.9,17.6,10.3,"24,524",14,29,0.146,5,11.9,21,59.5,67,44.2,62.5,1.12605042016807,1.41402714932127
30,"Estonia",0.861,76.8,16.5,12.5,"25,214",12,30,0.164,11,16.8,19.8,100,100,56.2,68.9,1,1.22597864768683
31,"Brunei Darussalam",0.856,78.8,14.5,8.8,"72,570",-26,31,NA,27,23,NA,63.9,67.8,52.6,75.3,1.06103286384977,1.43155893536122
32,"Cyprus",0.85,80.2,14,11.6,"28,633",3,32,0.124,10,5.5,12.5,76,81.7,56,71.1,1.075,1.26964285714286
32,"Qatar",0.85,78.2,13.8,9.1,"123,124",-31,32,0.524,6,9.5,0,66.7,59,50.8,95.5,0.88455772113943,1.87992125984252
34,"Andorra",0.845,81.3,13.5,9.6,"43,978",-18,34,NA,NA,NA,50,49.5,49.3,NA,NA,0.995959595959596,NA
35,"Slovakia",0.844,76.3,15.1,12.2,"25,845",5,35,0.164,7,15.9,18.7,99.1,99.5,51.1,68.6,1.00403632694248,1.34246575342466
36,"Poland",0.843,77.4,15.5,11.8,"23,177",10,36,0.138,3,12.2,22.1,79.4,85.5,48.9,64.9,1.07682619647355,1.32719836400818
37,"Lithuania",0.839,73.3,16.4,12.4,"24,500",7,37,0.125,11,10.6,23.4,89.1,94.3,55.8,67.3,1.05836139169472,1.20609318996416
37,"Malta",0.839,80.6,14.4,10.3,"27,930",-1,37,0.227,9,18.2,13,68.6,78.2,37.9,66.3,1.1399416909621,1.74934036939314
39,"Saudi Arabia",0.837,74.3,16.3,8.7,"52,821",-27,39,0.284,16,10.2,19.9,60.5,70.3,20.2,78.3,1.16198347107438,3.87623762376238
40,"Argentina",0.836,76.3,17.9,9.8,"22,050",11,40,0.376,69,54.4,36.8,56.3,57.6,47.5,75,1.02309058614565,1.57894736842105
41,"United Arab Emirates",0.835,77,13.3,9.5,"60,868",-34,41,0.232,8,27.6,17.5,73.1,61.2,46.5,92,0.837209302325582,1.97849462365591
42,"Chile",0.832,81.7,15.2,9.8,"21,290",11,42,0.338,22,55.3,15.8,73.3,76.4,49.2,74.8,1.04229195088677,1.52032520325203
43,"Portugal",0.83,80.9,16.3,8.2,"25,757",-2,43,0.111,8,12.6,31.3,47.7,48.2,54.9,66.2,1.0104821802935,1.20582877959927
44,"Hungary",0.828,75.2,15.4,11.6,"22,916",3,44,0.209,14,12.1,10.1,97.9,98.7,44.8,60,1.00817160367722,1.33928571428571
45,"Bahrain",0.824,76.6,14.4,9.4,"38,599",-20,45,0.265,22,13.8,15,56.7,51.4,39.2,86.9,0.90652557319224,2.21683673469388
46,"Latvia",0.819,74.2,15.2,11.5,"22,281",4,46,0.167,13,13.5,18,98.9,99,54.9,67.6,1.0010111223458,1.23132969034608
47,"Croatia",0.818,77.3,14.8,11,"19,409",11,47,0.149,13,12.7,25.8,85,93.6,44.7,58.4,1.10117647058824,1.30648769574944
48,"Kuwait",0.816,74.4,14.7,7.2,"83,961",-46,48,0.387,14,14.5,1.5,55.6,56.3,43.6,83.1,1.01258992805755,1.90596330275229
49,"Montenegro",0.802,76.2,15.2,11.2,"14,558",27,49,0.171,7,15.2,17.3,84.2,94.7,43,57.3,1.12470308788599,1.33255813953488
50,"Belarus",0.798,71.3,15.7,12,"16,676",14,50,0.151,1,20.6,30.1,87,92.2,50.1,63.1,1.05977011494253,1.25948103792415
50,"Russian Federation",0.798,70.1,14.7,12,"22,352",-1,50,0.276,24,25.7,14.5,89.6,92.5,57.1,71.7,1.03236607142857,1.25569176882662
52,"Oman",0.793,76.8,13.6,8,"34,858",-23,52,0.275,11,10.6,9.6,47.2,57.1,29,82.6,1.20974576271186,2.84827586206897
52,"Romania",0.793,74.7,14.2,10.8,"18,108",10,52,0.333,33,31,12,86.1,92,48.7,64.9,1.068524970964,1.33264887063655
52,"Uruguay",0.793,77.2,15.5,8.5,"19,283",7,52,0.313,14,58.3,11.5,54.4,50.3,55.6,76.8,0.924632352941176,1.38129496402878
55,"Bahamas",0.79,75.4,12.6,10.9,"21,336",-3,55,0.298,37,28.5,16.7,91.2,87.6,69.3,79.3,0.960526315789474,1.14430014430014
56,"Kazakhstan",0.788,69.4,15,11.4,"20,867",-1,56,0.267,26,29.9,20.1,95.3,98.8,67.7,77.9,1.03672612801679,1.1506646971935
57,"Barbados",0.785,75.6,15.4,10.5,"12,488",27,57,0.357,52,48.4,19.6,89.5,87.7,65.9,76.6,0.979888268156425,1.16236722306525
58,"Antigua and Barbuda",0.783,76.1,14,9.2,"20,070",-1,58,NA,NA,49.3,25.7,NA,NA,NA,NA,NA,NA
59,"Bulgaria",0.782,74.2,14.4,10.6,"15,596",13,59,0.212,5,35.9,20.4,93,95.7,47.9,59,1.02903225806452,1.23173277661795
60,"Palau",0.78,72.7,13.7,12.3,"13,496",18,60,NA,NA,NA,10.3,NA,NA,NA,NA,NA,NA
60,"Panama",0.78,77.6,13.3,9.3,"18,192",1,60,0.454,85,78.5,19.3,54,49.9,49,81.8,0.924074074074074,1.66938775510204
62,"Malaysia",0.779,74.7,12.7,10,"22,762",-14,62,0.209,29,5.7,14.2,65.1,71.3,44.4,75.5,1.0952380952381,1.70045045045045
63,"Mauritius",0.777,74.4,15.6,8.5,"17,470",0,63,0.419,73,30.9,11.6,49.4,58,43.6,74.2,1.17408906882591,1.70183486238532
64,"Seychelles",0.772,73.1,13.4,9.4,"23,300",-19,64,NA,NA,56.3,43.8,66.9,66.6,NA,NA,0.995515695067264,NA
64,"Trinidad and Tobago",0.772,70.4,12.3,10.9,"26,090",-25,64,0.371,84,34.8,24.7,59.7,60.9,53,75.5,1.02010050251256,1.42452830188679
66,"Serbia",0.771,74.9,14.4,10.5,"12,190",20,66,0.176,16,16.9,34,58.4,73.6,44.5,60.9,1.26027397260274,1.3685393258427
67,"Cuba",0.769,79.4,13.8,11.5,"7,301",47,67,0.356,80,43.1,48.9,74.3,78.8,43.4,70,1.06056527590848,1.61290322580645
67,"Lebanon",0.769,79.3,13.8,7.9,"16,509",-1,67,0.385,16,12,3.1,53,55.4,23.3,70.9,1.04528301886792,3.04291845493562
69,"Costa Rica",0.766,79.4,13.9,8.4,"13,413",10,69,0.349,38,60.8,33.3,50.7,50.5,46.6,79,0.996055226824458,1.69527896995708
69,"Iran (Islamic Republic of)",0.766,75.4,15.1,8.2,"15,440",4,69,0.515,23,31.6,3.1,62.2,67.6,16.6,73.6,1.08681672025723,4.43373493975904
71,"Venezuela (Bolivarian Republic of)",0.762,74.2,14.2,8.9,"16,159",-2,71,0.476,110,83.2,17,56.6,50.8,51.1,79.2,0.897526501766784,1.54990215264188
72,"Turkey",0.761,75.3,14.5,7.6,"18,677",-12,72,0.359,20,30.9,14.4,39,60,29.4,70.8,1.53846153846154,2.40816326530612
73,"Sri Lanka",0.757,74.9,13.7,10.8,"9,779",29,73,0.37,29,16.9,5.8,72.7,76.4,35.1,76.3,1.05089408528198,2.17378917378917
74,"Mexico",0.756,76.8,13.1,8.5,"16,056",-4,74,0.373,49,63.4,37.1,55.7,60.6,45.1,79.9,1.08797127468582,1.77161862527716
75,"Brazil",0.755,74.5,15.2,7.7,"15,175",-1,75,0.457,69,70.8,9.6,54.6,52.4,59.4,80.8,0.95970695970696,1.36026936026936
76,"Georgia",0.754,74.9,13.8,12.1,"7,164",40,76,0.382,41,46.8,11.3,89.7,92.7,56.5,75.1,1.03344481605351,1.32920353982301
77,"Saint Kitts and Nevis",0.752,73.8,12.9,8.4,"20,805",-21,77,NA,NA,NA,6.7,NA,NA,NA,NA,NA,NA
78,"Azerbaijan",0.751,70.8,11.9,11.2,"16,428",-11,78,0.303,26,40,15.6,93.7,97.4,62.9,69.6,1.03948772678762,1.10651828298887
79,"Grenada",0.75,73.4,15.8,8.6,"10,939",14,79,NA,23,35.4,25,NA,NA,NA,NA,NA,NA
80,"Jordan",0.748,74,13.5,9.9,"11,365",11,80,0.473,50,26.5,11.6,69.5,78.5,15.6,66.6,1.1294964028777,4.26923076923077
81,"The former Yugoslav Republic of Macedonia",0.747,75.4,13.4,9.3,"11,780",9,81,0.164,7,18.3,33.3,40.2,55.6,43.1,67.5,1.38308457711443,1.5661252900232
81,"Ukraine",0.747,71,15.1,11.3,"8,178",25,81,0.286,23,25.7,11.8,91.7,95.9,53.2,66.9,1.04580152671756,1.25751879699248
83,"Algeria",0.736,74.8,14,7.6,"13,054",-1,83,0.413,89,10,25.7,26.7,31,15.2,72.2,1.16104868913858,4.75
84,"Peru",0.734,74.6,13.1,9,"11,015",8,84,0.406,89,50.7,22.3,56.3,66.1,68.2,84.4,1.1740674955595,1.2375366568915
85,"Albania",0.733,77.8,11.8,9.3,"9,943",14,85,0.217,21,15.3,20.7,81.8,87.9,44.9,65.5,1.07457212713936,1.45879732739421
85,"Armenia",0.733,74.7,12.3,10.9,"8,124",22,85,0.318,29,27.1,10.7,94,95,54.2,72.6,1.01063829787234,1.33948339483395
85,"Bosnia and Herzegovina",0.733,76.5,13.6,8.3,"9,638",19,85,0.201,8,15.1,19.3,44.9,69.8,34.1,57.3,1.55456570155902,1.68035190615836
88,"Ecuador",0.732,75.9,14.2,7.6,"10,605",7,88,0.407,87,77,41.6,40.1,39.4,54.7,82.7,0.982543640897756,1.51188299817185
89,"Saint Lucia",0.729,75.1,12.6,9.3,"9,765",14,89,NA,34,56.3,20.7,NA,NA,62.7,76.2,NA,1.21531100478469
90,"China",0.727,75.8,13.1,7.5,"12,547",-7,90,0.191,32,8.6,23.6,58.7,71.9,63.9,78.3,1.22487223168654,1.22535211267606
90,"Fiji",0.727,70,15.7,9.9,"7,493",21,90,0.418,59,42.8,14,64.2,64.5,37.5,72,1.00467289719626,1.92
90,"Mongolia",0.727,69.4,14.6,9.3,"10,729",4,90,0.325,68,18.7,14.9,85.3,84.1,56.6,69.3,0.985932004689332,1.2243816254417
93,"Thailand",0.726,74.4,13.5,7.3,"13,323",-13,93,0.38,26,41,6.1,35.7,40.8,64.3,80.7,1.14285714285714,1.25505443234837
94,"Dominica",0.724,77.8,12.7,7.9,"9,994",4,94,NA,NA,NA,21.9,29.7,23.2,NA,NA,0.781144781144781,NA
94,"Libya",0.724,71.6,14,7.3,"14,911",-19,94,0.134,15,2.5,16,55.5,41.9,30,76.4,0.754954954954955,2.54666666666667
96,"Tunisia",0.721,74.8,14.6,6.8,"10,404",1,96,0.24,46,4.6,31.3,32.8,46.1,25.1,70.9,1.40548780487805,2.82470119521912
97,"Colombia",0.72,74,13.5,7.3,"12,040",-9,97,0.429,83,68.5,20.9,56.9,55.6,55.8,79.7,0.977152899824253,1.42831541218638
97,"Saint Vincent and the Grenadines",0.72,72.9,13.4,8.6,"9,937",3,97,NA,45,54.5,13,NA,NA,55.7,78,NA,1.40035906642729
99,"Jamaica",0.719,75.7,12.4,9.7,"7,415",13,99,0.43,80,70.1,16.7,74,70.2,56.1,70.9,0.948648648648649,1.26381461675579
100,"Tonga",0.717,72.8,14.7,10.7,"5,069",32,100,0.666,120,18.1,0,87.5,88.3,53.5,74.6,1.00914285714286,1.39439252336449
101,"Belize",0.715,70,13.6,10.5,"7,614",9,101,0.426,45,71.4,13.3,76.4,75.8,49.2,82.3,0.992146596858639,1.67276422764228
101,"Dominican Republic",0.715,73.5,13.1,7.6,"11,883",-12,101,0.477,100,99.6,19.1,55.6,53.1,51.3,78.6,0.955035971223022,1.53216374269006
103,"Suriname",0.714,71.1,12.7,7.7,"15,617",-32,103,0.463,130,35.2,11.8,44.6,47.1,40.5,68.8,1.05605381165919,1.69876543209877
104,"Maldives",0.706,76.8,13,5.8,"12,328",-19,104,0.243,31,4.2,5.9,27.3,32.7,56.2,77.5,1.1978021978022,1.37900355871886
105,"Samoa",0.702,73.4,12.9,10.3,"5,327",24,105,0.457,58,28.3,6.1,64.3,60,23.5,58.4,0.933125972006221,2.48510638297872
106,"Botswana",0.698,64.5,12.5,8.9,"16,646",-41,106,0.48,170,44.2,9.5,73.6,77.9,71.9,81.6,1.05842391304348,1.13490959666203
107,"Moldova (Republic of)",0.693,71.6,11.9,11.2,"5,223",23,107,0.248,21,29.3,20.8,93.6,96.6,37.6,44.2,1.03205128205128,1.17553191489362
108,"Egypt",0.69,71.1,13.5,6.6,"10,512",-12,108,0.573,45,43,2.2,43.9,60.6,23.7,74.8,1.38041002277904,3.15611814345992
109,"Turkmenistan",0.688,65.6,10.8,9.9,"13,066",-28,109,NA,61,18,25.8,NA,NA,46.9,76.9,NA,1.63965884861407
110,"Gabon",0.684,64.4,12.5,7.8,"16,367",-42,110,0.514,240,103,16.2,53.9,36.1,56.2,65.4,0.669758812615955,1.16370106761566
110,"Indonesia",0.684,68.9,13,7.6,"9,788",-9,110,0.494,190,48.3,17.1,39.9,49.2,51.4,84.2,1.23308270676692,1.63813229571984
112,"Paraguay",0.679,72.9,11.9,7.7,"7,643",-3,112,0.472,110,67,16.8,36.8,43,55.7,84.8,1.16847826086957,1.52244165170557
113,"Palestine, State of",0.677,72.9,13,8.9,"4,699",21,113,NA,NA,45.8,NA,53.9,59.4,15.4,66.4,1.10204081632653,4.31168831168831
114,"Uzbekistan",0.675,68.4,11.5,10.9,"5,567",10,114,NA,36,38.8,16.4,NA,NA,48.1,75.6,NA,1.57172557172557
115,"Philippines",0.668,68.2,11.3,8.9,"7,915",-7,115,0.42,120,46.8,27.1,65.9,63.7,51.1,79.7,0.966616084977238,1.55968688845401
116,"El Salvador",0.666,73,12.3,6.5,"7,349",-3,116,0.427,69,76,27.4,36.8,43.6,47.8,79,1.18478260869565,1.65271966527197
116,"South Africa",0.666,57.4,13.6,9.9,"12,122",-29,116,0.407,140,50.9,40.7,72.7,75.9,44.5,60.5,1.04401650618982,1.35955056179775
116,"Viet Nam",0.666,75.8,11.9,7.5,"5,092",15,116,0.308,49,29,24.3,59.4,71.2,73,82.2,1.1986531986532,1.12602739726027
119,"Bolivia (Plurinational State of)",0.662,68.3,13.2,8.2,"5,760",4,119,0.444,200,71.9,51.8,47.6,59.1,64.2,80.9,1.24159663865546,1.2601246105919
120,"Kyrgyzstan",0.655,70.6,12.5,10.6,"3,044",29,120,0.353,75,29.3,23.3,94.5,96.8,56,79.5,1.02433862433862,1.41964285714286
121,"Iraq",0.654,69.4,10.1,6.4,"14,003",-44,121,0.539,67,68.7,26.5,27.8,50.2,14.9,69.8,1.80575539568345,4.68456375838926
122,"Cabo Verde",0.646,73.3,13.5,4.7,"6,094",-1,122,NA,53,70.6,20.8,NA,NA,51.5,83.7,NA,1.6252427184466
123,"Micronesia (Federated States of)",0.64,69.1,11.7,9.7,"3,432",21,123,NA,96,18.6,0,NA,NA,NA,NA,NA,NA
124,"Guyana",0.636,66.4,10.3,8.5,"6,522",-4,124,0.515,250,88.5,31.3,60.3,47.8,42.6,80.5,0.792703150912106,1.88967136150235
125,"Nicaragua",0.631,74.9,11.5,6,"4,457",12,125,0.449,100,100.8,39.1,39.4,38.3,47.4,80.3,0.972081218274112,1.69409282700422
126,"Morocco",0.628,74,11.6,4.4,"6,850",-8,126,0.525,120,35.8,11,20.7,30.2,26.5,75.8,1.45893719806763,2.86037735849057
126,"Namibia",0.628,64.8,11.3,6.2,"9,418",-21,126,0.401,130,54.9,37.7,33.3,34.4,54.7,63.7,1.03303303303303,1.16453382084095
128,"Guatemala",0.627,71.8,10.7,5.6,"6,929",-11,128,0.533,140,97.2,13.3,21.9,23.2,49.3,88.2,1.05936073059361,1.78904665314402
129,"Tajikistan",0.624,69.4,11.2,10.4,"2,517",27,129,0.357,44,42.8,15.2,95.1,91.2,58.9,77.1,0.958990536277603,1.30899830220713
130,"India",0.609,68,11.7,5.4,"5,497",-4,130,0.563,190,32.8,12.2,27,56.6,27,79.9,2.0962962962963,2.95925925925926
131,"Honduras",0.606,73.1,11.1,5.5,"3,938",7,131,0.48,120,84,25.8,28,25.8,42.8,82.9,0.921428571428571,1.93691588785047
132,"Bhutan",0.605,69.5,12.6,3,"7,176",-17,132,0.457,120,40.9,8.3,34,34.5,66.7,77.2,1.01470588235294,1.15742128935532
133,"Timor-Leste",0.595,68.2,11.7,4.4,"5,363",-6,133,NA,270,52.2,38.5,NA,NA,24.6,50.8,NA,2.0650406504065
134,"Syrian Arab Republic",0.594,69.6,12.3,6.3,"2,728",21,134,0.533,49,41.6,12.4,29.5,40.5,13.5,72.7,1.3728813559322,5.38518518518519
134,"Vanuatu",0.594,71.9,10.6,6.8,"2,803",19,134,NA,86,44.8,0,NA,NA,61.5,80,NA,1.30081300813008
136,"Congo",0.591,62.3,11.1,6.1,"6,012",-14,136,0.593,410,126.7,11.5,39.7,47,68.5,73,1.18387909319899,1.06569343065693
137,"Kiribati",0.59,66,12.3,7.8,"2,434",21,137,NA,130,16.6,8.7,NA,NA,NA,NA,NA,NA
138,"Equatorial Guinea",0.587,57.6,9,5.5,"21,056",-84,138,NA,290,112.6,19.7,NA,NA,80.7,92.2,NA,1.14250309789343
139,"Zambia",0.586,60.1,13.5,6.6,"3,734",2,139,0.587,280,125.4,12.7,25.8,44,73.1,85.6,1.70542635658915,1.17099863201094
140,"Ghana",0.579,61.4,11.5,7,"3,852",-1,140,0.554,380,58.4,10.9,45.2,64.7,67.3,71.4,1.43141592920354,1.06092124814265
141,"Lao People's Democratic Republic",0.575,66.2,10.6,5,"4,680",-6,141,NA,NA,65,25,22.9,37,76.3,79.1,1.61572052401747,1.03669724770642
142,"Bangladesh",0.57,71.6,10,5.1,"3,191",5,142,0.503,170,80.6,20,34.1,41.3,57.4,84.1,1.21114369501466,1.46515679442509
143,"Cambodia",0.555,68.4,10.9,4.4,"2,949",7,143,0.477,170,44.3,19,9.9,22.9,78.8,86.5,2.31313131313131,1.09771573604061
143,"Sao Tome and Principe",0.555,66.5,11.3,4.7,"2,918",8,143,NA,210,65.1,18.2,NA,NA,45.3,77.8,NA,1.71743929359823
145,"Kenya",0.548,61.6,11,6.3,"2,762",9,145,0.552,400,93.6,20.8,25.3,31.4,62.2,72.4,1.24110671936759,1.16398713826367
145,"Nepal",0.548,69.6,12.4,3.3,"2,311",16,145,0.489,190,73.7,29.5,17.7,38.2,79.9,87.1,2.15819209039548,1.090112640801
147,"Pakistan",0.538,66.2,7.8,4.7,"4,866",-14,147,0.536,170,27.3,19.7,19.3,46.1,24.6,82.9,2.38860103626943,3.36991869918699
148,"Myanmar",0.536,65.9,8.6,4.1,"4,608",-12,148,0.413,200,12.1,4.7,22.9,15.3,75.2,82.3,0.668122270742358,1.09441489361702
149,"Angola",0.532,52.3,11.4,4.7,"6,822",-30,149,NA,460,170.2,36.8,NA,NA,63.3,76.9,NA,1.21484992101106
150,"Swaziland",0.531,49,11.3,7.1,"5,542",-25,150,0.557,310,72,14.7,21.9,26,43.9,71.6,1.18721461187215,1.63097949886105
151,"Tanzania (United Republic of)",0.521,65,9.2,5.1,"2,411",8,151,0.547,410,122.7,36,5.6,9.5,88.1,90.2,1.69642857142857,1.02383654937571
152,"Nigeria",0.514,52.8,9,5.9,"5,341",-24,152,NA,560,119.6,6.6,NA,NA,48.2,63.7,NA,1.32157676348548
153,"Cameroon",0.512,55.5,10.4,6,"2,803",-1,153,0.587,590,115.8,27.1,21.3,34.9,63.8,76.8,1.63849765258216,1.20376175548589
154,"Madagascar",0.51,65.1,10.3,6,"1,328",24,154,NA,440,122.8,20.5,NA,NA,86.6,90.5,NA,1.04503464203233
155,"Zimbabwe",0.509,57.5,10.9,7.3,"1,615",13,155,0.504,470,60.3,35.1,48.7,62,83.2,89.7,1.27310061601643,1.078125
156,"Mauritania",0.506,63.1,8.5,3.8,"3,560",-14,156,0.61,320,73.3,22.2,8.3,20.9,28.7,79.1,2.51807228915663,2.75609756097561
156,"Solomon Islands",0.506,67.9,9.2,5,"1,540",16,156,NA,130,64.9,2,NA,NA,53.4,79,NA,1.47940074906367
158,"Papua New Guinea",0.505,62.6,9.9,4,"2,463",-1,158,0.611,220,62.1,2.7,7.6,14.5,70.5,74,1.90789473684211,1.04964539007092
159,"Comoros",0.503,63.3,11.5,4.6,"1,456",16,159,NA,350,51.1,3,NA,NA,35.2,80.1,NA,2.27556818181818
160,"Yemen",0.498,63.8,9.2,2.6,"3,519",-17,160,0.744,270,47,0.7,8.6,26.7,25.4,72.2,3.1046511627907,2.84251968503937
161,"Lesotho",0.497,49.8,11.1,5.9,"3,306",-16,161,0.541,490,89.4,26.8,21.9,19,59,73.5,0.867579908675799,1.24576271186441
162,"Togo",0.484,59.7,12.2,4.5,"1,228",17,162,0.588,450,91.5,17.6,16.1,40.3,80.6,81.3,2.50310559006211,1.00868486352357
163,"Haiti",0.483,62.8,8.7,4.9,"1,669",4,163,0.603,380,42,3.5,22.4,35.2,60.9,71,1.57142857142857,1.16584564860427
163,"Rwanda",0.483,64.2,10.3,3.7,"1,458",11,163,0.4,320,33.6,57.5,8,8.8,86.4,85.3,1.1,0.987268518518518
163,"Uganda",0.483,58.5,9.8,5.4,"1,613",6,163,0.538,360,126.6,35,22.9,33.5,75.8,79.2,1.46288209606987,1.04485488126649
166,"Benin",0.48,59.6,11.1,3.3,"1,767",0,166,0.614,340,90.2,8.4,11.3,27,67.6,78.3,2.38938053097345,1.15828402366864
167,"Sudan",0.479,63.5,7,3.1,"3,809",-27,167,0.591,360,84,23.8,12.1,18.2,31.3,76,1.50413223140496,2.42811501597444
168,"Djibouti",0.47,62,6.4,3.8,"3,276",-22,168,NA,230,18.6,12.7,NA,NA,36.3,67.7,NA,1.86501377410468
169,"South Sudan",0.467,55.7,7.6,5.4,"2,332",-9,169,NA,730,75.3,24.3,NA,NA,NA,NA,NA,NA
170,"Senegal",0.466,66.5,7.9,2.5,"2,188",-8,170,0.528,320,94.4,42.7,7.2,15.4,66,88,2.13888888888889,1.33333333333333
171,"Afghanistan",0.465,60.4,9.3,3.2,"1,885",-7,171,0.693,400,86.8,27.6,5.9,29.8,15.8,79.5,5.05084745762712,5.03164556962025
172,"CÃ´te d'Ivoire",0.462,51.5,8.9,4.3,"3,171",-24,172,0.679,720,130.3,9.2,14,30.1,52.4,81.4,2.15,1.55343511450382
173,"Malawi",0.445,62.8,10.8,4.3,"747",13,173,0.611,510,144.8,16.7,11.1,21.6,84.6,81.5,1.94594594594595,0.963356973995272
174,"Ethiopia",0.442,64.1,8.5,2.4,"1,428",2,174,0.558,420,78.4,25.5,7.8,18.2,78.2,89.3,2.33333333333333,1.14194373401535
175,"Gambia",0.441,60.2,8.8,2.8,"1,507",-2,175,0.622,430,115.8,9.4,17.4,31.5,72.2,82.9,1.81034482758621,1.14819944598338
176,"Congo (Democratic Republic of the)",0.433,58.7,9.8,6,"680",11,176,0.673,730,135.3,8.2,12.8,32.4,70.7,73.2,2.53125,1.03536067892504
177,"Liberia",0.43,60.9,9.5,4.1,"805",7,177,0.651,640,117.4,10.7,15.4,39.3,58.2,64.8,2.55194805194805,1.11340206185567
178,"Guinea-Bissau",0.42,55.2,9,2.8,"1,362",-1,178,NA,560,99.3,13.7,NA,NA,68.2,78.5,NA,1.15102639296188
179,"Mali",0.419,58,8.4,2,"1,583",-8,179,0.677,550,175.6,9.5,7.7,15.1,50.8,81.4,1.96103896103896,1.60236220472441
180,"Mozambique",0.416,55.1,9.3,3.2,"1,123",1,180,0.591,480,137.8,39.6,1.4,6.2,85.5,82.8,4.42857142857143,0.968421052631579
181,"Sierra Leone",0.413,50.9,8.6,3.1,"1,780",-16,181,0.65,1100,100.7,12.4,10,21.7,65.7,69,2.17,1.05022831050228
182,"Guinea",0.411,58.8,8.7,2.4,"1,096",0,182,NA,650,131,21.9,NA,NA,65.6,78.3,NA,1.19359756097561
183,"Burkina Faso",0.402,58.7,7.8,1.4,"1,591",-13,183,0.631,400,115.4,13.3,0.9,3.2,77.1,90,3.55555555555556,1.16731517509728
184,"Burundi",0.4,56.7,10.1,2.7,"758",1,184,0.492,740,30.3,34.9,5.3,8.3,83.3,82,1.56603773584906,0.984393757503001
185,"Chad",0.392,51.6,7.4,1.9,"2,085",-22,185,0.706,980,152,14.9,1.7,9.9,64,79.2,5.82352941176471,1.2375
186,"Eritrea",0.391,63.7,4.1,3.9,"1,130",-6,186,NA,380,65.3,22,NA,NA,80,89.8,NA,1.1225
187,"Central African Republic",0.35,50.7,7.2,4.2,"581",1,187,0.655,880,98.3,12.5,10.1,26.7,72.6,85.1,2.64356435643564,1.17217630853994
188,"Niger",0.348,61.4,5.4,1.5,"908",-5,188,0.713,630,204.8,13.3,2.4,7.8,40,89.7,3.25,2.2425
NA,"Arab States",0.686,70.6,12,6.4,"15,722",NA,NA,0.537,155,45.4,14,34.7,47.6,23.2,75.3,1.37175792507205,3.24568965517241
NA,"East Asia and the Pacific",0.71,74,12.7,7.5,"11,449",NA,NA,0.328,72,21.2,18.7,54.7,66.3,62.6,79.4,1.21206581352834,1.26837060702875
NA,"Europe and Central Asia",0.748,72.3,13.6,10,"12,791",NA,NA,0.3,28,30.8,19,70.8,80.6,45.6,70,1.13841807909605,1.53508771929825
NA,"Latin America and the Caribbean",0.748,75,14,8.2,"14,242",NA,NA,0.415,85,68.3,27,54.3,55.2,53.7,79.8,1.01657458563536,1.48603351955307
NA,"South Asia",0.607,68.4,11.2,5.5,"5,605",NA,NA,0.536,183,38.7,17.5,29.1,54.6,29.8,80.3,1.87628865979381,2.69463087248322
NA,"Sub-Saharan Africa",0.518,58.5,9.6,5.2,"3,363",NA,NA,0.575,506,109.7,22.5,22.1,31.5,65.4,76.6,1.42533936651584,1.17125382262997
NA,"World",0.711,71.5,12.2,7.9,"14,301",NA,NA,0.449,210,47.4,21.8,54.5,65.4,50.3,76.7,1.2,1.52485089463221
